Place,Movies,Latitude,Longitude
Canada,40356,61.0666922,-107.9917071
France,29241,46.603354,1.8883335
Singapore,809,1.2904753,103.8520359
Mexico,21365,19.4326009,-99.1333416
USA,351974,39.7837304,-100.4458825
Australia,23087,-24.7761086,134.755
New Zealand,2943,-41.5000831,172.8344077
Spain,27144,39.3262345,-4.8380649
India,13944,22.3511148,78.6677428
Hungary,3234,47.1817585,19.5060937
Portugal,5794,40.033265,-7.8896263
UK,73637,54.7023545,-3.2765753
Argentina,7464,-34.9964963,-64.9672817
Denmark,4766,55.670249,10.3333283
Poland,7953,52.0977181,19.0258159
Ireland,4911,52.865196,-7.9794599
Dominican Republic,1280,19.0974031,-70.3028026
Gabon,52,-0.8999695,11.6899699
Thailand,1954,14.8971921,100.83273
Norway,2832,64.5731537,11.5280364395482
Japan,7574,36.5748441,139.2394179
Chile,1438,-31.7613365,-71.3187697
Mali,170,16.3700359,-2.2900239
Netherlands,6301,52.2379891,5.53460738161551
Austria,5494,47.2000338,13.199959
Russia,4497,64.6863136,97.7453061
Germany,33420,51.0834196,10.4234469
Romania,4551,45.9852129,24.6859225
Haiti,266,19.1399952,-72.3570972
Turkey,3801,38.9597594,34.9249653
Italy,21202,42.6384261,12.674297
China,6006,35.000074,104.999927
Finland,6554,63.2467777,25.9209164
Taiwan,812,23.59829785,120.835363138175
United Arab Emirates,668,24.0002488,53.9994829
Sweden,7076,59.6749712,14.5208584
Iran,1656,32.9407495,52.9471344
Belize,145,16.8259793,-88.7600927
Indonesia,1317,-4.7993356,114.5632032
South Africa,3799,-28.8166236,24.991639
UAE,68,49.4871968,31.2718321
Switzerland,3500,46.7985624,8.2319736
Tanzania,435,-6.5247123,35.7878438
Serbia,1197,44.1534121,20.55144
Brazil,6248,-10.3333333,-53.2
Czech Republic,4518,49.8167003,15.4749544
Bulgaria,1376,42.6073975,25.4856617
Latvia,300,56.8406494,24.7537645
Israel,3605,30.8760272,35.0015196
Vietnam,687,13.2904027,108.4265113
Egypt,1624,26.2540493,29.2675469
Philippines,4478,12.7503486,122.7312101
Slovakia,1041,48.7411522,19.4528646
Bahamas,445,24.7736546,-78.0000547
Belgium,4049,50.6402809,4.6667145
Ukraine,1385,49.4871968,31.2718321
Hong Kong,248,22.2793278,114.1628131
Colombia,1243,2.8894434,-73.783892
Holland,23,52.5001698,5.7480821
Pakistan,789,30.3308401,71.247499
Morocco,1752,31.1728205,-7.3362482
Ethiopia,322,10.2116702,38.6521203
Northern France,4,-45.93942375,50.4342708961543
Georgia,581,32.3293809,-83.1137366
Malaysia,1099,2.3923759,112.8471939
Malta,485,35.8885993,14.4476911
Estonia,541,58.7523778,25.3319078
Bangladesh,1292,24.4768598,90.2932299
Southern Africa,2,37.87509175,-122.237521061503
Armenia,299,40.7696272,44.6736646
Honduras,135,15.2572432,-86.0755145
Marshall Islands,29,6.9518742,170.9985095
Bolivia,364,-17.0568696,-64.9912286
Kuwait,83,29.2733964,47.4979476
Rwanda,210,-1.9646631,30.0644358
Isle of Man,276,54.2358167,-4.51459874569825
Paraguay,203,-23.3165935,-58.1693445
Nepal,648,28.1083929,84.0917139
Slovenia,605,45.8133113,14.4808369
Cuba,1102,23.0131338,-80.8328748
Laos,102,20.0171109,103.378253
Kenya,906,1.4419683,38.4313975
South Korea,1233,36.5581914,127.9408564
Lebanon,503,33.8750629,35.843409
Libya,99,26.8234472,18.1236723
90026 USA,1,34.0737086790309,-118.264582401243
Tonga,64,-19.9160819,-175.2026424
Iraq,451,33.0955793,44.1749775
Mauritius,122,-20.2759451,57.5703566
Jamaica,544,18.1850507,-77.3947693
Azerbaijan,200,40.3936294,47.7872508
Bhutan,61,27.549511,90.5119273
Mongolia,139,46.8250388,103.8499736
Bosnia-Herzegovina,388,44.3053476,17.5961467
Iceland,1032,64.9841821,-18.1059013
Croatia,1416,45.5643442,17.0118954
Moldova,73,47.286747,28.5110236
Greece,2983,38.9953683,21.9877132
El Salvador,99,13.8000382,-88.9140683
Lithuania,493,55.3500003,23.7499997
Belarus,190,53.4250605,27.6971358
Celebes Sea,1,2.9999987,122.0
Sudan,139,14.5844444,29.4917691
Albuquerque International Sunport Airport,1,35.03766945,-106.610967521768
Yugoslavia,463,8.1939477,-64.5043374
Peru,1035,-6.8699697,-75.0458515
Tunisia,481,33.8439408,9.400138
Western Sahara,18,24.1797324,-13.7667848
Cyprus,224,34.9823018,33.1451285
Zambia,170,-14.5186239,27.5599164
Uruguay,424,-32.8755548,-56.0201525
Norfolk,3,52.666667,1.0
Sri Lanka,478,7.5554942,80.7137847
Zimbabwe,201,-18.4554963,29.7468414
Luxembourg,456,49.8158683,6.1296751
Greenland,230,71.8171799,-40.4262878367852
Samoa,39,-13.7693895,-172.1200508
Uganda,365,1.5333554,32.2166578
Senegal,247,14.4750607,-14.4529612
Wales,30,52.2928116,-3.73893
Sierra Leone,102,8.6400349,-11.8400269
Syria,226,34.6401861,39.0494106
Kingston High Street,1,33.2392797,-97.8918406
Myanmar,55,17.1750495,95.9999652
Macedonia,244,41.6171214,21.7168387
Ecuador,446,-1.3397668,-79.3666965
Eritrea,28,15.9500319,37.9999668
Hamilton ON,1,43.2425289,-79.9470423
Kashmir,34,35.2444908,58.464248
Botswana,131,-23.1681782,24.5928742
Puerto Rico,998,18.22141715,-66.4132818505648
Central African Republic,23,7.0323598,19.9981227
Africa,210,11.5024338,17.7578122
Montenegro,174,42.7728491,19.2408586
Burma,110,17.1750495,95.9999652
Monaco,328,43.7311424,7.4197576
Kyrgyzstan,76,41.5089324,74.724091
Afghanistan,428,33.7680065,66.2385139
Mumbai,76,18.9387711,72.8353355
Antarctica,188,-79.4063075,0.3149312
Qatar,86,25.3336984,51.2295295
Kosovo,145,42.5869578,20.9021231
Southern Ocean,30,-59.9999999,89.9999999
French Polynesia,264,-18.6243749,-144.6434898
Algeria,381,28.0000272,2.9999825
Vanuatu,53,-16.5255069,168.1069154
Vatican City,165,41.9034912,12.4528349
Cambodia,507,13.5066394,104.869423
Budapest,27,47.4983815,19.0404707
Chad,41,15.6134137,19.0156172
Jordan,393,31.1667049,36.941628
Nigeria,361,9.6000359,7.9999721
Panama,325,8.3096067,-81.3066246
California USA,17,36.7014631,-118.7559974
CA 90036,2,34.076263,-118.355173
Atlantic Ocean,71,13.581921,-38.320312
Palau,22,6.097367,133.313631
Bronxville Train Station,1,40.9413713,-73.8351057526324
Maldives,51,4.7064352,73.3287853
Democratic Republic Of Congo,217,-2.9814344,23.8222636
Bahrain,295,26.1551249,50.5344606
Gosford City,1,-33.4250175,151.3417318
Kazakhstan,178,47.2286086,65.2093197
Ontario,27,50.000678,-86.000977
Cape Verde,61,16.0000552,-24.0083947
Aruba,33,12.4902998,-69.9609842
Costa Rica,448,10.2735633,-84.0739102
Palestine,362,30.8760272,35.0015196
USSR,33,38.5671241,68.7947829
Trinidad and Tobago,137,10.8677845,-60.9821067
Ivory Coast,20,7.9897371,-5.5679458
Brasil,65,-10.3333333,-53.2
Madagascar,116,-18.9249604,46.4416422
Anza-Borrego Desert,1,33.09553545,-116.301897714978
Mozambique,211,-19.302233,34.9144977
The Netherlands,185,52.2379891,5.53460738161551
Bosnia and Herzegovina,123,44.3053476,17.5961467
Fiji,170,-18.1239696,179.0122737
Namibia,290,-23.2335499,17.3231107
CA 91352,1,34.2292317265914,-118.383349039143
Nicaragua,148,12.3724928,-84.8700308
Venezuela,698,8.0018709,-66.1109318
Persian Gulf,9,27.0000001,50.9999999
Cayman Islands,59,19.5417212,-80.5667132
Guyana,45,4.8417097,-58.6416891
Channel Islands,163,60.6167942,-145.7996671
Yemen,48,16.3471243,47.8915271
Ghana,294,8.0300284,-1.0800271
North Korea,83,40.3736611,127.0870417
Korea,66,36.5581914,127.9408564
Benin,53,9.5293472,2.2584408
Cameroon,94,4.6125522,13.1535811
Serbia and Montenegro,4,44.8201542,20.2920935
Brunei,3,4.4137155,114.5653908
Eleanor Roosevelt High School,2,38.9946354,-76.8695518944349
Southern USA,2,31.9909783,-102.0712974
Northern Mariana Islands,13,14.1490205,145.213452483189
Abu Dhabi,21,23.99764435,53.6439097569213
Angola,102,-11.8775768,17.5691241
Tajikistan,55,38.6281733,70.8156541
New York State,16,43.1561681,-75.8449946
Faroe Islands,68,62.19850045,-6.81741243341217
Gambia,25,13.470062,-15.4900464
Uzbekistan,107,41.32373,63.9528098
New South Wales,6,-31.8759835,147.2869493
London UK,2,51.5073219,-0.1276474
OR 97007,1,45.4605044702678,-122.849487407308
Northern Ireland,92,54.6294982,-6.7654416
Bermuda,78,32.3018217,-64.7603583
Soviet Union,27,50.772949,29.2447673
Guatemala,361,15.6356088,-89.8988087
London,14,51.5073219,-0.1276474
Eqypt,1,41.3570468,-75.2021983
Burkina Faso,116,12.0753083,-1.6880314
Surrey,1,51.2715316,-0.341452351129091
Papua New Guinea,122,-5.6816069,144.2489081
Albania,202,41.000028,19.9999619
Niger,91,17.7356214,9.3238432
Liechtenstein,13,47.1416307,9.5531527
Berlin,94,52.5170365,13.3888599
Somalia,45,8.3676771,49.083416
Istanbul,3,41.0096334,28.9651646
Guinea-Bissau,23,12.100035,-14.9000214
North Yorkshire,1,54.09159275,-1.53591125805015
St Vincent and the Grenadines,25,12.90447,-61.2765569
Scotland,47,56.7861112,-4.1140518
Grenada,41,12.1360374,-61.6904045
Faxe Ladeplads,1,55.22120605,12.1701839926322
Pacific Ocean,57,-0.703107,-120.9375
Bologna,7,44.4936714,11.3430347
Grand Duchy of Luxembourg,6,49.8158683,6.1296751
Arizona USA,6,34.395342,-111.7632755
New Caledonia,23,-20.4542886,164.55660583078
Barbados,87,13.1500331,-59.5250305
Cook Islands,34,-16.0492781,-160.3554851
Saint Lucia,11,13.8250489,-60.975036
Guam,28,13.5394645,144.8970036
Silent Green Kulturquartier Berlin,1,52.5460174,13.3665436
Co. Waterford,6,52.15087035,-7.65778594077624
Malawi,62,-13.2687204,33.9301963
Jammu & Kashmir,3,34.0476564,76.7972892
Democratic Republic of the Congo,33,-2.9814344,23.8222636
Liberia,58,5.7499721,-9.3658524
Borneo,39,1.42965855,114.740599198093
TN 37203,3,36.1500629,-86.7789727
Turks and Caicos Islands,24,21.7214683,-71.6201783
UT 84115,1,40.7626687,-111.89396
U.S. Virgin Islands,83,17.789187,-64.7080574
Mauritania,27,14.4750607,-14.4529612
South Sudan,24,7.8699431,29.6667897
New Guinea,21,-5.52275,142.073524709441
Arctic,38,42.1856379,-75.4143448
Mediterranean Sea,31,35.0000035,19.9999957
Gibraltar,61,36.140807,-5.3541295
Luxemburg,3,49.8158683,6.1296751
Republic Of Congo,17,-0.7264327,15.6419155
Czechoslovakia,49,41.2133453,-98.6228519
Montserrat,10,16.7417041,-62.1916844
6971 AB Brummen,1,52.08709,6.15697
Oman,71,21.0000287,57.0036901
Yongsan,1,37.5295725,126.9647783
Runion,24,-21.1309332,55.5265771
Guinea,58,10.7226226,-10.7083587
Okahoma,1,-28.7065339,114.6262974
Las Vegas Nevada USA,1,36.1662859,-115.149225
Careggi,1,43.8128187,11.2512843
North Cyprus,6,35.2244296,33.0695987
Baltic Sea,29,56.0,18.0
Co. Wexford,1,52.46018745,-6.60651545915916
Montreal,24,45.4972159,-73.6103642
Nevis Island,1,17.1508813,-62.5852896007
Columbia,15,2.8894434,-73.783892
Varde,1,55.6176702,8.4811757
Djibouti,17,11.85677545,42.7577845199437
Tibetan Plateau,1,31.85,87.4
USS Alabama,2,30.6819177,-88.0143709501599
NY 10538,1,13.524834,2.109823
England,86,52.7954791,-0.540240286617432
Bogra,1,55.0730397,-3.0510859
Avellino,1,40.9141958,14.7888764
KY,1,37.5726028,-85.1551411
Belguim,6,45.7910787,-97.7164362
Lisboa,19,38.7077507,-9.1365919
NJ,1,40.0757384,-74.4041622
Space,52,-35.26562945,149.130500824092
Paris France,18,48.8566101,2.3514992
NY 10543,4,13.524834,2.109823
Waterlooville,1,50.8797911,-1.0314789
GA 30318,1,33.7777806,-84.4742284
Israeli-Jordanian Border,1,32.7101871,35.6866426
Saudi Arabia,120,25.6242618,42.3528328
Swaziland,25,-26.5624806,31.3991317
Bosnia Herzegovina,7,44.3053476,17.5961467
the Netherlands,4,52.2379891,5.53460738161551
Snug Harbor Cultural Center and Botanical Garden,1,40.6414056,-74.1030002246338
Rome Italy,2,41.894802,12.4853384
Western Australia,14,-25.2303005,121.0187246
British Virgin Islands,45,18.4024395,-64.5661642
Tibet,5,32.0000002,89.9999998
Llanelli Town Hall,1,51.6817711,-4.16450595
Indian Ocean,14,-9.9999999,69.9999999
NC,2,35.6729639,-79.0392919
Macau,14,22.1757605,113.5514142
Iowa,1,41.9216734,-93.3122705
Bering Strait,3,65.9724933,-168.7921009
East Timor,30,-8.5151979,125.8375756
Dominica,22,15.4113138,-61.3653618
Argentinean Patagonia,1,10.29967995,-85.8411000441958
Falkland Islands,16,-34.9964963,-64.9672817
Hawai'i,4,21.2160437,-157.975203
Seychelles,69,-4.6574977,55.4540146
Basilicata. Italy,1,40.500571,16.081953
Lesotho,35,-29.6039267,28.3350193
Bosnia,16,44.3053476,17.5961467
Dauphin Island Sea Lab,1,30.2496469,-88.0772614
England UK,28,52.7954791,-0.540240286617432
Honolulu,4,21.3250785,-157.846644178573
Italia,29,42.6384261,12.674297
Kln,13,52.7538282,0.4034433
Newcastle Upon Tyne,23,54.9738474,-1.6131572
The Wakehurst Parkway - Sydney Australia,1,-33.7099264,151.2958017
Renfrewshire,1,55.833333,-4.5
North Hollywood,2,34.1729044,-118.3740371
The Artic Sea,1,33.3349447,-115.9938355
Chicago,1,41.8755616,-87.6244212
CA 91504,2,34.1978506199182,-118.333310398062
The Court Colman Manor,1,51.5249343,-3.6109611
Worldwide,13,53.45733965,-2.22695880505223
NY USA,1,43.1561681,-75.8449946
St Kitts and Nevis,10,17.3462278,-62.7687277
Trinidad & Tobago,16,10.8677845,-60.9821067
CA 91502,1,34.1794033691622,-118.314243630647
Seoul Olympic Park,1,37.51889315,127.120107231652
Republic of Korea,3,36.5581914,127.9408564
Washington DC USA,1,38.8950092,-77.0365625
Curacao,8,12.1845,-68.9640918594077
Wedding Stone. Bulgaria,1,41.6568251,25.3997598
Tisbury,1,51.0640005,-2.083025
Uk,12,54.7023545,-3.2765753
Nova Scotia Canada,2,45.1960403,-63.1653789
California,13,36.7014631,-118.7559974
Togo,23,8.7800265,1.0199765
18 Market Yard Mews Bermondsey Street London SE1 3TJ,1,51.4983814,-0.0813709
MD 21054,1,39.0421272256118,-76.6766433307681
South Australia,11,-30.5343665,135.6301212
Zagreb,1,45.813177,15.977048
New York,11,40.7308619,-73.9871558
Andorra,28,42.5407167,1.5732033
Tire,1,61.9209622,130.980697
Corsica,10,42.18808965,9.06841377142769
Chris Martin,1,30.781219,-81.638099
Co Kildare,5,53.15436455,-6.81841756609764
San Marino,14,43.9458623,12.458306
Ru de la Gar,1,48.6966198,142.8231764
Antwerp Belgium,1,51.2211097,4.3997081
Antigua and Barbuda,22,17.079128,-61.8222516
Cison de valmarino,1,45.9699873,12.1431366
Europe,25,51.0,10.0
Deep Creek Reserve - Sydney Australia,1,-33.7076713,151.274546536986
Enoch Alberta,1,53.5011687,-113.757593
Nevada.,1,39.5158825,-116.8537227
Molenbeek Saint-Jean,1,50.8543551,4.3227779
Durham,2,54.7764152,-1.5758539
St Lucia,29,13.8250489,-60.975036
PMC pune,1,18.502934,73.841918757561
Netherland,4,14.3516387,121.0501142
Chathams Islands,4,-43.9509492,-176.5607157
Altavilla Vicentina,1,45.5084288,11.4706863
Sardegna,6,40.06160405,9.09775380655307
Victoria,7,-36.5986096,144.6780052
Middlesex;,1,42.485452,-71.3968261
NY 10001,7,40.7505185866707,-73.9934941087372
Southern Germany,6,50.8331217,14.7962388
Buenos Aires,3,-34.6075616,-58.437076
Sverige,2,59.6749712,14.5208584
Danmark,5,55.670249,10.3333283
United States Virgin Islands,1,17.789187,-64.7080574
Mexco,1,34.0355942,-5.0044848
NSW,13,-31.8759835,147.2869493
South American rainforest,2,37.73413335,-122.501020620454
Central Connecticut State University,1,41.6931989,-72.7653794677624
Leeds,1,53.7974185,-1.5437941
ACT,2,-35.4883502,149.0026942
Svalbard Arctic,1,78.9233996,11.93225
23100 Avenue San Luis,1,34.161561041406,-118.6306478785
North Sea,30,56.74123355,2.89117171668805
Killara,1,-33.7660606,151.1601121
Kerala India,1,10.3529588,76.5119752
City of stoke on trent sixth form college,1,53.006213,-2.17782496621136
London W4 2PJ,1,51.4866294493129,-0.249075378751756
USA 90026,1,34.0737086790309,-118.264582401243
UT 84116,1,40.7980881583739,-111.935742844232
IL USA,1,39.7837304,-100.4458825
Marlia/SP,1,45.1114448,4.7544976
Senja,2,69.30405,17.459103718359
Manukau Harbour,1,-37.08645205,174.728852211961
Australia to Indonesia,1,-6.3287951,106.9566826
South Pacific Islands,1,22.24455385,114.204652521451
Dubai,4,25.0750095,55.1887608818332
Dorset,1,50.75,-2.333333
Bering Sea,6,60.0000001,-175.0000001
West Africa,11,11.5024338,17.7578122
Pitcairn Island,6,-25.0657719,-130.1017823
Timor-Leste,1,-8.5151979,125.8375756
Capurso,1,41.05032,16.9167417
denmark,2,55.670249,10.3333283
Catalonia,17,41.8523094,1.5745043
Wissahickon Valley Park,1,40.1242551,-75.2196684376598
Congo,17,-0.7264327,15.6419155
Cumbernauld,2,55.9477764,-3.9882568
Comoros,5,-12.2045176,44.2832964
90064,1,34.0487031059514,-118.374183343818
Georgia USA,3,32.3293809,-83.1137366
Niue,4,-19.0536414,-169.8613411
Republic of Malta,5,35.8885993,14.4476911
Bavaria Germany,1,48.9467562,11.4038717
VA,2,13.2904027,108.4265113
South Georgia,3,-54.4315,-36.618593125
marocco,1,31.1728205,-7.3362482
Kiribati,12,0.4483283,-171.6645388
Mirik,1,39.6887059,46.3326941
US Virgin Islands,5,17.789187,-64.7080574
United Kingdom,5,54.7023545,-3.2765753
Ontario. Canada,1,50.000678,-86.000977
Solomon Islands,26,-9.7354344,162.8288542
WA 99207,1,47.6938926874683,-117.397012623647
Caroline Islands,1,8.0,147.0
Kingswood Estate,1,-25.7996931,28.2734554132842
Ajmer,5,26.4691,74.639
Sri lanka,9,7.5554942,80.7137847
Argentinia,2,-34.9964963,-64.9672817
Maharashtra,5,19.531932,76.0554568
BC,12,55.001251,-125.002441
Sardinia,1,40.06160405,9.09775380655307
Papago State Park Amphitheater,1,33.461459,-111.944852035377
CA USA,5,36.7014631,-118.7559974
French Guyana,6,6.8246178,-58.1346149
Rajasthan,4,26.8105777,73.7684549
Czechia,3,49.8167003,15.4749544
Espaa,2,63.3422814,10.5414481
NY,5,43.1561681,-75.8449946
france,1,46.603354,1.8883335
Orissa India,7,20.5431241,84.6897321
Central Java,2,-7.3032412,110.0044145
San Miguel El Salvador,1,13.4803899,-88.17722
CA 91304,1,34.2192986660677,-118.613054298166
VA 23836,2,37.3669238,-77.3308669
NY 10019,1,13.524834,2.109823
Kansas,1,38.27312,-98.5821872
North West England,1,54.06809245,-2.68525312594421
American Samoa,13,-14.30063095,-170.695974791655
NY 11570,1,13.524834,2.109823
Belgique,9,50.6402809,4.6667145
Mascarene Islands,1,-21.13071845,55.5364584940597
GA,1,-0.8999695,11.6899699
Hati,2,19.1399952,-72.3570972
Oregon USA,3,43.9792797,-120.737257
Burundi,25,-3.3634357,29.8870575
Sao Paulo So Paulo Brazil,3,-23.5506507,-46.6333824
Sweden.,2,59.6749712,14.5208584
S/S Lusitania,3,5.8557406,-73.4115633
London. England. UK,1,51.5073219,-0.1276474
Dhaka Bangladesh,1,23.7593572,90.3788136
NY 11237,2,13.524834,2.109823
CA 93514,3,37.3666581,-118.39818835
Midway Islands,6,28.2417536,-177.3754308
Colorado USA,3,38.7251776,-105.6077167
Mekong River,3,11.6602146,104.9589344
Republic of Macedonia,9,41.6171214,21.7168387
4 Heart Studio,3,14.63456885,121.042829053582
Switerland,1,47.6792236,8.6177811
Nova Scotia,2,45.1960403,-63.1653789
Bucharest,3,44.4361414,26.1027202
Martinique,7,14.6113732,-60.9620777
Fiji Islands,6,-18.1239696,179.0122737
Bosinia and Herzegovina,2,44.3053476,17.5961467
Merseyside,1,53.4953602,-2.97393796008601
Lesser Antilles,3,12.8,-61.28
Florida. USA,2,27.7567667,-81.4639835
CA,21,61.0666922,-107.9917071
Texas USA,5,31.8160381,-99.5120986
West Yorkshire,3,53.7414271,-1.72020037667772
Texas,3,31.8160381,-99.5120986
Barnstaple Town,1,51.0804057,-4.0600467
Brooklyn New York,3,40.6501038,-73.9495823
Ilocos Sur Provincial Capitol,1,17.57585425,120.38648145
Turkmenistan,14,39.3763807,59.3924609
Suriname,31,4.1413025,-56.0771187
West Indies,14,50.83635905,0.462002592181029
Arctic Ocean,13,83.0,-170.0
Origgio,1,45.5976933,9.0180613
WA,6,47.2868352,-120.2126139
B.C. Mexico,2,19.5153434,-96.8545753
Vicenza,1,45.5488306,11.5478825
Kharagpur Railway Station,1,22.34309,87.3012875
le-de-France 75011 France,3,48.7215525,1.27966135969016
Copenhagen,2,55.6867243,12.5700724
Seine-Saint-Denis,2,48.9098125,2.4528634806147
South of France,17,40.831752,-73.8662124
Le Cirque d'Hiver,1,48.86354715,2.36757893670133
Florida USA,11,27.7567667,-81.4639835
USA and Canada,1,36.0696054,-106.3237938
Intia,1,22.3511148,78.6677428
City of Bristol College - Bedminster Campus,1,51.4367393,-2.6042197
M/S Meteor,1,48.2662788,-118.2849964
1911 Hone Ave Bronx NY 10461,1,40.8511606,-73.8567332
Oregon,3,43.9792797,-120.737257
Republic of Georgia,7,35.0175124,34.0484215
Middlesex,1,42.485452,-71.3968261
Sicily,5,37.587794,14.155048
Gujarat,2,22.4134237,71.4986740758367
Virgin Islands,8,17.789187,-64.7080574
Borno,1,45.9473303,10.2064036
U.S.A.,10,19.5584043,-99.0277414
"Avonmore",1,53.5076815,-113.451615229467
Olde Town Arvada,1,39.79873195,-105.079771768073
The Miniature Studio,1,48.10600375,-1.67326737277897
Croazia,1,45.5643442,17.0118954
Marquesas Islands,2,-9.73116465,-138.97874707146
Carpathian Mountains,4,47.0005707,25.5017192
The Bahamas,16,24.7736546,-78.0000547
Trentino - Italy,2,46.102817,11.1295430998718
Cassadaga Hotel,1,28.96612405,-81.2366020841128
Republic of Panama,4,8.3096067,-81.3066246
land Islands,2,52.51702755,13.4041245276858
Antique Row Cafe,1,49.3373164,-124.3828026
Former USSR,8,42.6626611,24.9884756708449
Jerusalem to Damascus,1,31.7816619,35.2303496
Ky.,5,37.5726028,-85.1551411
Kentucky USA,4,37.5726028,-85.1551411
Ascension Island,2,-7.9461395,-14.3620561
MS Deutschland,2,51.5816076,14.3597256
Calgary Alberta Canada,9,51.02532675,-114.049868485806
Ascension and Tristan da Cunha,1,-37.2465,-12.4870384875
90650,1,65.0175853143649,25.5550929982237
Californa,2,48.1698493,-111.9336229
Osaka,1,34.6937569,135.5014539
Nambucca,1,51.5610436,-0.123648853449202
Anguilla,11,18.1954947,-63.0750234
Ohio,3,40.2253569,-82.6881395
Isle of Arran,1,55.5774222,-5.25216245715707
Michigan,5,43.6211955,-84.6824346
Tynemouth Blue Reef Aquarium,1,55.0277179,-1.43039706809161
Argentina.,6,-34.9964963,-64.9672817
Rouge Entertainment,1,48.8922927,2.3696698
Malzfabrik Berlin,1,52.4665456,13.365225746463
Games Academy,1,52.512379,13.4195798
Essonne,1,48.53034015,2.23929180566817
Quebec,3,52.4760892,-71.8258668
Catania,1,37.5022355,15.08738
India.,7,22.3511148,78.6677428
Pacific Islands,2,-17.6247511,-149.6083311
Greystone Pub,1,47.3119987,-122.3177808
Jayprabha Studio Kolhapur India,2,16.6885398,74.2287172
NY 11004,1,13.524834,2.109823
Nevada,2,39.5158825,-116.8537227
USS Franklin,1,43.2831471,-0.2682274
Omaha,1,41.2587317,-95.9378732
Cambridgeshire,4,52.333333,0.083333
Tenerife,1,28.2935785,-16.6214471211441
Tel Aviv,1,32.0804808,34.7805274
Richmond 3121 Victoria Australia,1,-37.8203955,145.0025153
Paris 75009,1,48.8566101,2.3514992
Iloilo City,4,10.7026718,122.5686136
Antigua & Barbuda,4,17.079128,-61.8222516
Ontario Canada,2,50.000678,-86.000977
Monastery,1,45.6093765,-61.6197489
FL 33455,1,27.0824537474555,-80.1483038585634
Northern Iran,2,35.8783811,50.9727737
Panama Canal Zone,1,8.9536841,-79.5376179437931
Pune,7,18.5203062,73.8543185
Tuvalu,13,-7.768959,178.1167698
YS Falls,1,18.1403216,-77.828221786701
Idaho USA,2,43.6447642,-114.0154071
Cook Island,2,24.6301555,-81.3762960679776
Sultanate of Oman,2,21.0000287,57.0036901
Panchkula,1,30.6975401,76.8551066
Athens,1,33.9597677,-83.376398
So Paulo - Brazil,1,-7.2522904,-37.0110042
Colorado Public Television,2,39.7567294,-104.9752878
London EC3,1,51.4893335,-0.144055090450224
FL,1,27.7567667,-81.4639835
Bronnoysund,1,65.4737042,12.2111915
Yading Daocheng,1,28.4696025,100.26973559941
Skidaway Island State Park,1,31.9559988,-81.054001445069
Equatorial Guinea,15,1.613172,10.5170357
MI,2,39.7837304,-100.4458825
East Germany,3,51.1461391,12.233285
Tasmania,8,-42.14220555,146.672351787847
CA 91101,1,34.1452576,-118.134076
Tokelau,2,-9.1676396,-171.8196878
Cincinnati Ohio,1,39.1014537,-84.5124602
African plains,1,55.9474118,-3.26534800696732
FL 32819,1,28.4555044966928,-81.473559582571
Kensington,2,51.4989948,-0.1991229
New York USA,4,40.7308619,-73.9871558
Harstine Island,1,47.23218155,-122.890040218514
Crandon International Raceway,1,45.5745554,-88.9408817
Santarm,1,47.0013308,28.8881828261254
North Lanarkshire,1,55.88319035,-3.94628219029502
Bhor,3,18.1508064,73.8430594
South America,3,-21.0002179,-61.0006565
Edmonton Alberta Canada,4,53.535411,-113.507996
La Paz Bolivia,1,-16.4956371,-68.1336346
Courthouse exterior,1,53.1821856,8.58230778941429
Berchem Sainte-Agathe,1,50.8639835,4.292702
EE,1,58.7523778,25.3319078
Queensland,4,-21.9182856,144.4588889
Kirkby Lonsdale,2,54.2018452,-2.5967366
Netherlands Guyana,1,53.20544,5.8105607
21st Street Cooperative,1,53.5499288,-2.76939795
Sicily. Italy,1,37.587794,14.155048
Arnhemsestraat 13 6971 AN Brummen,1,52.086297,6.1562172
Girard College,1,39.97384305,-75.172676119773
Beverley,1,53.8425488,-0.4315677
South Vietnam,1,20.1605017,105.875704259988
Michigan USA,5,43.6211955,-84.6824346
Western Cyprus,1,8.3908703,-13.1542326
Belfast Northern Ireland,2,54.5964411,-5.9302761
Bangaldesh,2,23.862984,90.2655759
Madrid,5,40.4167047,-3.7035825
NYC,3,40.7308619,-73.9871558
Malaysia.,2,2.3923759,112.8471939
Caribbean Sea,14,15.0000001,-75.0000001
Frederiksborg Castle,1,55.9351046,12.3017434902778
The Czech Republic,2,49.8167003,15.4749544
Chilean Patagonia,1,-51.7343657,-72.4875749
Grovehill,1,51.77679785,-0.452921174468756
Gemeentelijk Zwembad Aartselaar,1,51.1385885,4.40070835058111
ON,2,50.000678,-86.000977
Illinois USA,6,40.0796606,-89.4337288
Bosnia and Hercegovina,2,44.3053476,17.5961467
Torquay,1,50.4652392,-3.5211361
Bremen,1,53.0758196,8.8071646
Jaisalmer Fort,1,26.9127655,70.9124932870455
Ile de France,6,48.6443057,2.7537863
CA 91767,1,34.080501056076,-117.737833052426
Micronesia,13,5.5600565,150.1982846
CA 93001,1,34.3620819,-119.4473943
Mountain Snowdonia,1,52.9155626,-3.83260129263342
Beilen,1,52.8623107,6.49377391958918
Havana Cuba,3,22.1883069,113.5493076
le-de-France 75010 France,3,48.7215525,1.27966135969016
St Helena,2,-15.9686862,-5.7129557
KY USA,1,37.5726028,-85.1551411
Pigeon Forge Tennessee USA,1,35.7884241,-83.5543329
Furka,1,46.5765566,8.4218103
Strait of Gibraltar,1,35.96123265,-5.63536818241947
Cabo Verde,2,16.0000552,-24.0083947
Pennsylvania USA,3,40.9699889,-77.7278831
AZ 85268,1,33.5903367848251,-111.720210497841
England: UK,1,52.7954791,-0.540240286617432
TX,3,31.8160381,-99.5120986
Mallorca,3,39.6594484,2.9862211
France.,10,46.603354,1.8883335
Th Netherlands,1,52.1108922,5.26176850380845
Cleveland Ohio,1,41.5051613,-81.6934446
Republic of the Congo,2,-0.7264327,15.6419155
Yorkshire,1,42.5300624,-78.4727976
Kingdom of Bahrain,1,26.1551249,50.5344606
Tierra Blanca de Cartago Costa Rica,1,9.9159385,-83.8929524
Dublin,4,53.3497645,-6.2602732
Amsterdam,4,52.3745403,4.89797550561798
Scandic Norra Bantorget,1,59.3367705,18.0564634
Glasgow,1,55.8611389,-4.2501672
CA 95945,1,39.2147816280655,-121.044727619305
East Nepal,1,28.1083929,84.0917139
Kurdistan,4,35.672803,47.0124376
Victoria. Australia,3,-36.5986096,144.6780052
Stockholm,2,59.3251172,18.0710935
Macedon 3440 Victoria Australia,1,-37.424285,144.564177799034
The Faroe Islands,1,62.19850045,-6.81741243341217
White Waltham Airfield Maidenhead England UK,1,51.4986775,-0.773664905839079
Azerbayjan,2,40.3936294,47.7872508
Tx,1,31.8160381,-99.5120986
DK,2,55.670249,10.3333283
Seoul,2,37.5666791,126.9782914
Amerivest Financial Services,1,41.4261762,-81.7096852258403
Polynesia,5,41.0856589,1.1584131
Savannah Theatre,1,32.0757709,-81.0922509
Stockholm Sweden,1,59.3251172,18.0710935
Itay,2,-25.278389,-57.5459775
CA 91602,2,34.1539687630787,-118.367923268391
Lichtenstein,2,47.1416307,9.5531527
The Blalock House,1,32.3093062,-87.3836085
le-de-France 75018 France,1,48.7215525,1.27966135969016
Tyrrhenian Sea,2,39.9999743,11.9999826
Five Points Media Center,3,40.71571095,-73.9990219353349
Brisbane Queensland Australia,3,-27.4689682,153.0234991
Jinotega,1,13.0910392,-86.0023477
USS Potomac,2,37.7952765,-122.280141087031
portugal,1,40.033265,-7.8896263
Tokyo,6,35.6828387,139.7594549
St. Kitts and Nevis,1,17.3462278,-62.7687277
Spanish Court Hotel,1,18.00809305,-76.7838684239121
Manchester,1,53.4794892,-2.2451148
NZ,5,-41.5000831,172.8344077
New Jersey USA,1,40.0757384,-74.4041622
Antibes,1,43.5836,7.10905
Canyon Ranch,3,35.54351055,-120.334891662908
Thailand.,1,14.8971921,100.83273
le-de-France 75004 France,2,48.7215525,1.27966135969016
Per,3,45.5102355,9.0894574
1330-Oriro Guro-gu Seoul Republic of Korea,1,37.4849312,126.8398117
Bahawalpur,1,29.394644,71.6638747
CA 91604,2,34.1435551038494,-118.396744111239
Indiana,4,40.3270127,-86.1746933
Guinea Bissau,3,12.100035,-14.9000214
OH 43606,1,41.6579689,-83.5739016
Washington Avenue,1,31.5622317,-97.1275501
Sunshine Coast QLD Australia,1,-26.5443222,153.0507705
Mexico.,2,19.4326009,-99.1333416
Edmonton Expo Center,1,53.56888885,-113.457906033427
FL 32805,1,28.5359042382066,-81.3988975027774
Gomarus College Groningen,1,53.24524035,6.39952684914435
Indiana USA,3,40.3270127,-86.1746933
Saint Just,1,44.1108,4.22304
South Georgia and the South Sandwich Islands,6,-54.8432857,-35.8090698
Buckinghamshire,1,51.75,-0.75
Kingdom of Swaziland,1,-26.5624806,31.3991317
NY 10003,2,40.7298391,-73.9917813
Aylsford,2,52.4143168,-1.4962933
AUS,1,22.30459415,114.166429271449
Paris,4,48.8566101,2.3514992
CA 91505 USA,1,34.14391585,-118.761143806617
British Columbia,1,55.001251,-125.002441
U.K.,5,54.7023545,-3.2765753
Mumbai Maharastra,3,18.9387711,72.8353355
Lima,1,-12.0621065,-77.0365256
The King's Pub,1,43.6967229,7.2747339
Phillippines,1,39.91070565,116.43307045
North Atlantic Ocean,1,40.0,-40.0
South India,1,17.3615965,78.4276746
Maersk McKinney Moeller,1,46.5108859,6.61933933372455
CO 80204,1,39.7254255,-105.0525271
Air Van Rental,1,52.6953662,-8.9281351
Missouri USA,1,38.7604815,-92.5617875
TN 37209,1,36.1479631994278,-86.8527514176382
AZ 85215,1,33.4686493,-111.6838767
Sofia Bulgaria,1,42.6978634,23.3221789
IL 60016,1,13.0427275856308,80.1613883466911
North Pole,3,90.0,0.0
United States,1,39.7837304,-100.4458825
Perth Western Australia,3,-31.9527121,115.8604796
CA 91406,2,34.1850989839849,-118.488268081567
Tangier Morocco,1,35.777103,-5.803792
Oceania,2,-18.3128,138.5156
Aachen,3,50.776351,6.083862
Principality of Andorra,1,42.5407167,1.5732033
Wake Island,1,19.28982485,166.649264426002
Republic of Congo,1,-0.7264327,15.6419155
British Honduras,1,16.8259793,-88.7600927
Agorregi,1,43.2468433,-2.15345761407563
Norwich University,1,44.13917905,-72.6612695464237
The Democratic Republic of Congo,1,-2.9814344,23.8222636
Decatur County Courthouse,1,35.5845149,-88.1200346
Broad Street Oxford,1,51.7542844,-1.2572504
Kosova,1,42.5869578,20.9021231
Rovello Porro,1,45.6529291,9.0404049
Malaya,11,16.9815088,120.6861594
Dutch West Indies,1,9.9647989,76.2388846
Amsterdam Noord,3,52.4097446,4.9319309
Rome,2,41.894802,12.4853384
Caesar Rodney High School,1,39.1185163,-75.5410112845064
New York NY USA,1,40.7308619,-73.9871558
FL 32118,1,29.2153717712719,-81.0055270252121
Barcelona,2,41.3828939,2.1774322
Midland Valley High School,1,33.5259701,-81.8592791
Trilbardou 77,1,48.9420503,2.8056507
Dutch Caribbean,2,12.10644045,-68.9267977501952
NY 10018,1,13.524834,2.109823
CA 91316,1,34.1659419631505,-118.514030191369
Savannah GA 31406,1,32.0809263,-81.0911768
Punjab,2,30.9293211,75.5004841
Vancouver,1,49.2608724,-123.1139529
Red Sea,4,19.0,39.5
China Sea,3,40.4971535,-80.0583683
Transylvania,2,46.5971623,24.3740295
Eastern Ukraine,4,48.8573026,38.4826954160208
RI,1,41.7962409,-71.5992372
England. UK,3,52.7954791,-0.540240286617432
New Orleans,2,29.9499323,-90.0701156
The Merrow,1,51.2443481,-0.5335147
West Virginia University,1,39.65404635,-79.96475355
Khed,1,18.8528676,73.8846758
Providence Island,1,61.34600645,-117.661180566469
Struer,1,56.4808237,8.6029318
East William Street.,1,37.3393025,-121.8653488
Turkestan,2,43.298692,68.26296
Perchtoldsdorf Austria,1,48.1169363,16.2559683801349
CA 93015,1,34.3950763,-118.9283947
USA - Briarcliff Road,1,28.839035,-81.679297
Tamps. Mexico,1,25.7465204,-97.8157452
Islandmagee,1,54.7783413,-5.7084204
israel,1,30.8760272,35.0015196
sane,1,46.5456809,5.1304272
Pinjarra Western Australia,1,-32.6318966,115.869247
CA 90211,1,34.0722333,-118.3901691
NY 10804,1,13.524834,2.109823
TX 75166,1,33.0271386232134,-96.4353687131371
Mayotte,1,-12.823048,45.1520755
Republic of Ireland,4,52.865196,-7.9794599
West Bengal,1,22.9964948,87.6855882
GA 30013,1,33.6247440591496,-83.9870532287566
Canada.,2,61.0666922,-107.9917071
90255,1,33.9770088181643,-118.222943560319
Sandoy,1,61.854113,-6.7696129
Bosnia - Herzegovina,3,44.3053476,17.5961467
Azov Sea,1,46.1966328,36.7354618647603
Tyne and Wear,2,54.916667,-1.566667
Pcia de Buenos Aires,1,-34.5011799,-58.8082307
Sydney,3,-33.8548157,151.2164539
Nottingham,6,52.9534161,-1.1492773
Area 15 Noda,1,41.1464849,-8.5828433
Carson Tahoe Hospital.,1,39.2030291,-119.7827419
Tennesee,1,32.4553681,-106.4894389
USA 90012,1,34.073626,-118.2437394
TRNC,2,35.18261605,33.3585917827298
IL 60616.,1,41.8478505107077,-87.630989794459
film set,1,35.1595626,33.3554271
Forestry SA,1,-34.812406,138.856284696941
N Los Angeles 90095,1,33.9380832,-118.4075688
Barkerville Highway,1,53.0154665,-122.4950096
Longstreet Theatre,1,33.99598595,-81.0293675933426
4899 E 7th St. Joplin MO 64801,1,37.083647,-94.438976
japan,1,36.5748441,139.2394179
Queensland. Australia,1,-21.9182856,144.4588889
New York City,1,40.7308619,-73.9871558
USA 90018,1,34.0302912001385,-118.316810546197
London W8,1,51.4893335,-0.144055090450224
Florida 33912,1,26.5758712,-81.8005969
Grayson Coffee House,1,33.8875674,-96.6347479
USS Ranger,1,30.7065627,-87.0193852
Northolt,1,51.54823605,-0.368758078412536
Iowa USA,3,41.9216734,-93.3122705
Bolton,1,53.577694,-2.4288874
UK.,1,54.7023545,-3.2765753
NSW 2007,1,-33.8795895581981,151.197682183346
Chacao. Caracas. Venezuela,1,10.5165265,-66.8503781280488
Marocco,5,31.1728205,-7.3362482
Wales.,1,52.2928116,-3.73893
Texas Musicians Museum,1,32.81355665,-96.9440233753237
Namchi Sikkim,1,27.1661262,88.3651981
Lyndhurst in the New Forest. England. UK,1,50.8653408,-1.58145970838574
Principality of Monaco,1,43.7311424,7.4197576
President Cleveland,1,34.839289,-82.402501
JFK Airport,1,40.6429479,-73.7793733748521
Denver Colorado USA,4,39.7392364,-104.9848623
Adriatic Sea,6,43.7021514,14.6679465
People's Republic of China,2,35.000074,104.999927
Fort de Montmorency,2,48.9984891,2.3240329
Studio Diamond SP,1,40.7643461,-73.9837785927899
Southwest China,1,35.000074,104.999927
YSA,1,64.1465272,-21.8864608
Essex,1,51.7967047,0.579338882096011
El Vigia. Merida. Venezuela,1,8.6115829,-71.6596414
Hemel Hempstead,1,51.7511784,-0.472528
Residenz zu Salzburg,1,47.79851965,13.0471300508926
California 91316 USA,1,38.6275421,-92.5665171
Madrid Spain,2,40.4167047,-3.7035825
NM 87031,2,34.7963991,-106.6917107
Jakarta Indonesia,3,-6.1753942,106.827183
Cologne,1,50.938361,6.959974
Granja Viana So Paulo Brazil,1,-23.5981083,-46.8529614
5007,1,60.3873474021009,5.3238350937953
Vila Ch - Portugal,1,42.0748841,-8.36247267827759
El Dorado High School,1,37.8448619,-96.8442782
TX USA,1,31.8160381,-99.5120986
Sao Tome and Principe,2,0.8875498,6.9648718
Carthage MO 64836,1,37.1765141,-94.3103412
CA 90037,2,34.0178714,-118.2914326
Bergslagen,1,60.0978842,17.9489243
Palau Islands,1,39.572063,3.1823919
90026,1,34.0737086790309,-118.264582401243
Dobrohostiv,2,49.260948,23.590038
Prague,2,50.0874654,14.4212535
Bournemouth BH1 2AL,1,50.74467035,-1.85798090318094
Russell Island Australia,1,-15.2324936,128.095969758855
So Paulo,1,-7.2522904,-37.0110042
Thalassery,1,11.7490639,75.4931578
Sibling,1,44.0548844,-69.5076817
29160 Mexico,1,16.7165166,-93.019161
Telangana,1,17.8495919,79.1151663
Dong Xuan Center,1,52.5287912,13.489680544072
South Australia 5081,1,-34.901932,138.6092884
Adeyfield,1,51.7573776,-0.4504621
Jay Motel,1,44.9479733,-72.4379601
Pesaro,2,43.9098114,12.9131228
Zaire,3,-2.9814344,23.8222636
Los Angeles LGBT Center,1,34.1005628,-118.3327632
CA 92701,1,33.746198,-117.8663132
Morroco,3,31.8021175,-106.5431059
South Carolina,1,33.6874388,-80.4363743
Ialy,4,47.6717337,37.010486
Crna Gora,1,42.7728491,19.2408586
Cuba.,1,23.0131338,-80.8328748
94800 Villejuif,1,48.7921098,2.3633048
le-de-France France,1,43.878183,7.45148782565789
Algria,1,35.2909827,-1.1425224
MO 63110,1,38.6366767,-90.2626964
Southern Saskatchewan,1,49.6671907,-103.8991163
USS Lexington,2,27.8148742,-97.3887112715734
Brookvale,1,45.0263439,-63.1085588
Var France,1,43.4173595,6.26612878539015
Indiana / Indiana University South Bend,1,41.66197915,-86.2177488664124
Victory Christian Academy,1,42.1174039,-71.2356448
Soleuvre,1,49.5207381,5.9410195
MD USA,1,39.5162234,-76.9382069
East Sussex,1,50.9404529,0.369989903500859
Barcelona Spain,1,41.3828939,2.1774322
New Jersey,1,40.0757384,-74.4041622
Taipei,1,25.0375198,121.5636796
Mylapore,2,13.0316504,80.270099
Tunesia,1,33.8439408,9.400138
NY 10002,1,40.7141409,-73.9801825
Schoonebeek,1,52.6686946,6.90590334551076
Bosnia and Herzegowina,1,44.3053476,17.5961467
Happisburgh Norfolk,1,52.8232637,1.5300546
Muriwai Beach New Zealand,1,-36.8112859,174.417981
IKEA Stoughton,1,42.13813565,-71.0683024637973
le-de-France 75006 France,2,48.7215525,1.27966135969016
Ernest Brown,1,36.270596,-81.688058
North Stuart Street.,1,47.6873467,-117.4101949
Lu Hebert,1,49.4360972,8.9780195
Lawrence-Gregory Community Center,1,35.2095597,-87.3056445
Northern Pakistan,1,-3.3679794,36.6842415
Israel the West Bank Palestine,1,32.1720988,35.0336682
Pasadena Ambassador College,2,34.1480627,-118.1403486
Kentucky,2,37.5726028,-85.1551411
Amsterdam Centre,2,61.7902649,34.391108
German,1,54.21883865,-4.6165014711164
Bucks,2,51.75,-0.75
Adirondack Park of New York State,1,43.958065,-74.3207654459053
Youtube,1,37.6291599,-122.425517784338
Stockholms ln,2,59.3901513,18.664274920136
Gold Coast. Australia,1,-28.0023731,153.4145987
Seoul South Korea,1,37.5666791,126.9782914
West Virginia USA,1,38.4758406,-80.8408415
Navassa Island,1,18.408351,-75.0144367671773
CA 92683,1,33.7377796,-117.9897304
Black Sea,1,43.90819475,33.9729954589353
Caribbean,6,18.4,-75.0
Tuggerah NSW Australia,1,-33.3078425,151.4202463
West Australia,1,-23.485959,150.1676554
MI 49014,1,42.3052069389543,-85.1399592665431
Andorre,1,42.5407167,1.5732033
Yorkshire.,1,42.5300624,-78.4727976
Locmiquelic,1,47.7240686,-3.3424834
TN,3,33.8439408,9.400138
School House Kitchen & Libations 5660 Olde Wadsworth Blvd,1,39.7999482,-105.0813146
Roy Family Residence,1,44.36554125,26.1169392602465
My Brother's Bar 2376 15th St,1,39.7562288,-105.0093041
O'Neal-Cooper house,1,39.690279,-76.2780503209131
Povlen,1,44.1417262,19.7263659
Sherman Oaks Canada,1,44.01527,-79.49818
USS Princeton,1,33.7760192,-118.3013562
Louisiana,1,30.8703881,-92.007126
Lyon France,2,45.7578137,4.8320114
OH 44114,1,41.5018788,-81.6856924
Southern Necropolis,1,55.84365495,-4.24719051085571
The Irish Sea,1,53.3325136,-5.37141689978878
Louisiana USA,2,30.8703881,-92.007126
South Italy,2,40.41944165,15.3107562303225
Isreal,1,8.22974,-9.7686
Granada,2,37.183054,-3.6021928
Prince Edward Island,1,46.3355508,-63.1466676
Nauru,4,-0.5252306,166.9324426
West Sumatra,1,-0.5827529,100.6133379
Dubai to Southampton,1,56.4701647,-2.9194271
Pour Haus,1,34.0356095,-118.2337556
Republic of Vanuatu,1,-16.5255069,168.1069154
Lincolnshire,1,53.166667,-0.25
IE,1,52.865196,-7.9794599
New York 10012,1,40.7308619,-73.9871558
Euclid Hall Bar and Kitchen 1317 14th St,1,39.747718,-105.0001034
South-Africa,1,-28.8166236,24.991639
Bellas artes de Trujillo,1,-8.1254282,-79.0353729
Cumberland Park SA,1,-34.9720383,138.5866928
New Hebrides Islands,1,57.8978744,-6.8007708
San Jose. Costa Rica,1,9.9325427,-84.0795782
South Kurdistan,1,35.672803,47.0124376
Hastings on Hudson,1,40.9946622,-73.8785922
The Ruby Street,1,40.03436,-76.320614
Surrey UK,1,51.2715316,-0.341452351129091
Abbotsford Convent Melbourne Australia,1,-37.8024799,145.002641846807
The Yacht Wanda,1,36.9896076,-121.9956678
Nairobi,1,-1.2832533,36.8172449
Enigmatic Studios,1,45.7547567,4.8134266
South of Benin,1,10.34016885,3.1993720759322
Avalon Airport,1,-38.04723705,144.466388449085
Kingsbridge,1,50.2848555,-3.7789738
Washington USA,1,38.8950092,-77.0365625
Mesa de los Indios. Merida. Venezuela,1,8.5418566,-71.2923802
Incycle Bicycles Pasadena,1,34.14278065,-118.1507672
Valencia,1,39.4699014,-0.3759513
New Mexico,1,34.5708167,-105.993007
South-Korea,1,36.5581914,127.9408564
IL 60123,1,42.0412449431231,-88.3278321829622
North. Yorkshire,1,54.09159275,-1.53591125805015
Jorhat Assam,1,26.7577925,94.2079645
FL 32802,1,22.68,57.29
Regina's Ice Cream,1,41.6380723,-0.8979247
Florida Atlantic University,2,26.8878714,-80.1185591
USA Cantigny Park -,1,41.85464445,-88.1559209608472
Flanders Belgium,1,51.0962462,4.17985128926016
Brussels,2,50.8465573,4.351697
AZ 85253,1,33.5567586617788,-111.939586937488
North Carolina USA,3,35.6729639,-79.0392919
Highfield 14,1,53.6795111,-1.0670803
West Germany,2,48.763676,11.3255202308594
Bethnal Green Working Men's Club,1,51.5280811,-0.0637854357068597
The Indies,1,14.06865685,-60.9517093281712
Porto - Portugal,1,37.239243,-121.8767664
Wandin Victoria,1,-37.7693464,145.4572575
Blackpool,1,53.8182212,-3.0564845
Museo de las Americas 861 Santa Fe Drive,1,39.7300463,-104.9988396
USS Wasp,1,30.714021,-87.018676
Bombay India,1,-34.1069929,18.4710125
California. USA,1,36.7014631,-118.7559974
Co. Offaly. Ireland,1,53.1361633,-7.81030187385574
Tuva Republic,1,51.4017149,93.8582593
WA 99206,1,47.6014357,-117.201215
The Movement Gym,1,41.4441569,2.17097425602802
St. Peter's Anglican Church Erindale,1,43.54339185,-79.6591319570369
USA",1,39.7837304,-100.4458825
Yankee Air Museum,1,42.2390397,-83.5083047214717
Madrid. Spain,1,40.4167047,-3.7035825
Holstebro,1,56.3590324,8.6159188
Tangier market Morocco,1,35.777103,-5.803792
Astria,2,43.46802705,-1.49065325
Equatorial Africa,1,0.3183229,32.5740767
Co. Galway,2,53.34347575,-8.87336798602502
NY 10014,1,13.524834,2.109823
Siberia,1,60.0,100.0
Easter Islands,1,60.5881736,-1.1423596
New Hampshire,1,43.4849133,-71.6553992
Maine,1,45.709097,-68.8590201
Uzsoki Street Hospital,1,49.0034088,22.8887457
UW Milwaukee Panther Arena,1,43.0422882,-87.9169519898426
Rhineland-Palatinate,1,49.7497346,7.4396553
Oslo,1,59.9133301,10.7389701
Rotterdam,1,51.92779805,4.48862326925829
Tennessee USA,1,35.7730076,-86.2820081
S.S. Independence,1,36.8027102,-118.2000951
Sierra Ecuatoriana,1,-0.1990075,-78.4875417665897
Blize,1,51.30186795,-0.0822556896562927
Bizkaia,2,43.238482,-2.85163163999482
Scotland UK,1,56.7861112,-4.1140518
italy,1,42.6384261,12.674297
Southeastern Railway Museum,1,51.4790917,-0.0079655
US,1,39.7837304,-100.4458825
Toronto,3,43.653963,-79.387207
Escola de Cinema Darcy Ribeiro,1,-22.9016036,-43.1765975908831
Cruz Roja Mexicana,1,17.0557894,-96.7250332436331
Hume-Fogg Magnet High School,1,36.1595926,-86.7817489447255
Vatican City State,1,41.9034912,12.4528349
Northern Cyprus,1,35.4594217,33.6783123284803
Republic of Palau,1,6.097367,133.313631
MI 49008,1,42.2672223993029,-85.6113212044383
Crown Books,1,34.181533,-118.6040041
Kerpen,1,50.8696345,6.694734
Cuneo,1,44.3895925,7.5478945
Qubec,2,52.4760892,-71.8258668
NSW 2770,1,-33.7513089255466,150.812067011545
le-de-France 75020 France,1,48.7215525,1.27966135969016
Baja California Sur,1,25.5818014,-111.5706164
Winnersh Berkshire,1,51.430882,-0.8778641
Halifax Waterfront,1,53.7229229,-1.8604874
South Norwood Country Park,1,51.3964752,-0.0568200252546279
Channel Tunnel,1,51.0967692,1.327056
Suhareka,1,42.361567,20.8281442
East Africa,4,45.4690945,-73.6189681
Spokane Valley WA 99216,1,47.6571104,-117.2613936
Deseret First Credit Union,1,40.5820556,-111.8614155
Queen Victoria,1,45.4241541,-75.7012450325726
Trieste,1,45.6500335,13.7706559
Spain.,1,39.3262345,-4.8380649
South-West Africa,1,11.5024338,17.7578122
CA 90019,1,34.0473708340701,-118.33604586149
Engelberg,1,46.8223497,8.4043996
El Taco De Mexico 714 Santa Fe Drive,1,39.7276374,-104.9982893
Chennai,2,13.0801721,80.2838331
Indonesia to Singapore,1,-2.1306794,106.1119692
Australian Botanical Garden,1,-32.461717,137.743559987547
Bloomsbury Central Baptist Church,1,51.5164478,-0.126854100070109
Sultanpur Lodhi,1,31.2144692,75.19477
Sulaymaniyah,1,35.5570501,45.4425963
South Sandwich Islands,1,-59.454,-27.2468666166667
Indian Himalaya,1,40.3851544,-86.8988709
Lake Cumberland,1,36.8681214,-85.1474566
Ukraine],1,49.4871968,31.2718321
Queen Creek Golf Course,1,33.3020197,-111.287707375439
Virginia USA,1,37.1232245,-78.4927721
Catford Broadway Theatre,1,51.4453202,-0.0203203211305607
The Lake District,1,53.6278516,-113.4686522
Mrn,1,48.961264,4.31224359285714
Dublin 2,1,53.33894015,-6.25271282175961
Hyderabad India,3,17.3616079,78.4746286
United Arab emirates,1,24.0002488,53.9994829
Modderfontein,1,-26.6766662,28.3782111
Geelong. Australia,1,-38.1492813,144.3598269
London W1,2,51.4893335,-0.144055090450224
FL 33409,1,26.7135927269707,-80.09195263941
Hummel Park,1,41.36933725,-95.9584659798996
Fairfield Medical Center,1,53.41844565,-2.94707455823189
Dhaka-Chittagong Highway,1,23.1438277,91.3254565
ACME Comedy Theatre,2,34.07468415,-118.34436953867
DHM - Deutsches Historisches Museum,1,52.517699,13.3970326
North Carolina,1,35.6729639,-79.0392919
Foxwoods Resort Casino,1,41.47285265,-71.9577964185212
Isfahan Iran,1,32.6707877,51.6650002
Portage Michigan 49002,1,42.2011538,-85.5800022
Dunedin,1,-45.8739282,170.503488
IL. USA,2,39.7837304,-100.4458825
BraZil,1,-10.3333333,-53.2
FL 33024,1,26.0391965,-80.2167942
Delhi,1,28.6517178,77.2219388
NY.,1,43.1561681,-75.8449946
Sapphire Ranch,1,33.7303137,-117.7767643
Hanoi Vietnam,1,21.0294498,105.8544441
SP,1,-21.9549806,-49.0232348
Latin America,1,-26.24840305,-48.8691691169307
The Barrels Pub Hereford,1,52.0542608,-2.7103564
USS Blueback,1,45.50788785,-122.666886589969
Lahore. Pakistan,1,31.5655908,74.3141453
Austrailia,1,14.4149927,120.9755482
Harry's Cafe de Wheels Tempe,1,-33.9264014,151.1592655
Puebla,1,18.833333,-98.0
Wales UK,1,52.2928116,-3.73893
New Mexico USA,1,34.5708167,-105.993007
Norwich,1,52.628606,1.29227
Patan Durbar Square,1,27.673098,85.324738
Queen Mary 2,1,28.023354,-16.6100657
N Yorkshire,1,54.09159275,-1.53591125805015
Norway.,1,64.5731537,11.5280364395482
Bavaria,1,48.9467562,11.4038717
Mlaga,1,-3.3838711,38.3635795
Solvang,1,34.5958572,-120.1390894
SC Paintball Village,1,-27.27681095,-52.33532115
Phillipines,1,10.2447856,-61.4561398
Campal Goa,1,15.4881515,73.8135988
Sunset Valley TX,1,30.2257648,-97.803617
USA.,1,39.7837304,-100.4458825
The Ivar Theatre,1,34.10007615,-118.328516678997
Masada Israel,1,31.315367,35.3538164216662
58 Fairlawn Grove London W4 5EH,1,51.4957468,-0.2674093
St Patrick's Cathedral Park,1,24.8619208,67.0349979099359
Karnataka,2,14.5203896,75.7223521
Proud Cabaret Camden,1,51.54262595,-0.148650534664464
NL,3,52.5001698,5.7480821
VA 23185,1,37.25354,-76.7084227
South Atlantic Ocean,1,-45.0,-15.0
Newfoundland,1,49.12120935,-56.696296212741
FRANCE,1,46.603354,1.8883335
building "R",1,47.7406963,-122.190569651051
Norfolk Island,2,-29.02900955,167.958672246969
TW11 9DL,1,51.4184818544027,-0.320167483293858
Ryerson Urban Farm,1,43.6599342,-79.379777432247
1741 Lippold St Merrick NY 11566,1,40.6603304193548,-73.560738483871
Karachi,1,25.147872,67.1821931713384
Santa Fe Drive Arts District,1,39.7289085,-104.9986153
USA),1,39.7837304,-100.4458825
Lisbon,1,38.7077507,-9.1365919
Fudan University,1,31.30104395,121.500454969435
Leicestershire,1,52.666667,-1.0
Bucharest Romania,1,44.4361414,26.1027202
Fort Worth Country Day,1,32.69152705,-97.4086530709366
UT 84032,1,40.5428337138561,-111.387025683506
Bralos Railway Station,1,38.7266328,22.461787
Hertfordshire,1,51.8400523,-0.0978551922452396
Second Life,1,44.9184068,8.617062
Swallowcliffe,1,51.0434716,-2.0496802
PA USA,1,40.9699889,-77.7278831
le-de-France 75009 France,1,48.7215525,1.27966135969016
Warren Dunes,1,51.56694435,-9.02014491504589
Azores,1,37.2577796,-28.030992
USS New Jersey,1,39.93935085,-75.1330394191192
Unites States,1,44.1225412,-73.1761136
NC USA,3,35.6729639,-79.0392919
Schweiz,1,46.7985624,8.2319736
Soshanguve South Africa,1,-25.5263889,28.0994444
Las Vegas USA,1,36.1662859,-115.149225
Lazio,1,41.9808038,12.7662312
Bovine Metropolis Theater 1527 Champa St,1,39.7461002,-104.994751
near Docking,1,53.2300952,-0.1132425
Pontiac Street Oxford Michigan USA,1,42.8228233,-83.2680109
Highway 37/Dixie Highway,1,39.3677834,-84.5459735
Greater Manchester,1,53.50652485,-2.33744014225767
California US,1,36.7014631,-118.7559974
Warwickshire,1,52.333333,-1.583333
Parks,1,35.260615,-111.9485469
Republic of South Sudan,1,7.8699431,29.6667897
6006 Luzern,1,47.0505452,8.3054682
Boerne Tx 78006,1,29.7946641,-98.7319703
Broadford Motorcycle Complex,1,-37.2146791,145.083504132267
TX 75207,1,32.793467,-96.8148982
Canadian Arctic,1,69.1205806,-105.041690720786
Brooklyn,1,40.6501038,-73.9495823
Centerville Arkansas,1,35.1128655,-93.1687878
Papua-New-Guinea,1,-5.6816069,144.2489081
CA 90038,2,34.0915279,-118.3154012
Florida,2,27.7567667,-81.4639835
Durham City,1,54.7764152,-1.5758539
Frankfurt,1,50.1106444,8.6820917
Bognor Regis West Sussex,1,50.7834973,-0.6730718
U.S.A,1,19.5584043,-99.0277414
CO 80203,2,39.72299625,-104.986950539071
Monmouthshire,1,51.7501058,-2.8333331
Panama Canal,2,8.9258955,-79.5499547
CA 91325 USA,1,34.14391585,-118.761143806617
Jordania,1,31.1667049,36.941628
Ohio USA,1,40.2253569,-82.6881395
Gasteiz,1,42.8465088,-2.6724025
poland,2,52.0977181,19.0258159
Ipiabas,1,-22.37789,-43.875686
Strait of Georgia,1,49.568638,-124.4276837
Republica Dominicana,1,19.0974031,-70.3028026
UT 84121,1,40.6210475903545,-111.808876614985
Niedersachsen,1,52.8398531,9.075962
NY 10280,1,13.524834,2.109823
RSA,1,-28.8166236,24.991639
Stamullen,1,53.6285486,-6.2622712
GA 30268,1,33.5316597308555,-84.6849926592856
Philippies,1,-29.8834508,-61.9565903
Paradise Cove,1,39.6070628,-74.3248665
v,1,13.2904027,108.4265113
South Wales,1,42.7089493,-78.5780796
New Delhi,2,28.6141793,77.2022662
Juan-les-Pins,1,43.5676357,7.1141716
Cassano d'Adda. Milan. Italy,1,45.5263333,9.5214907
90024,1,34.0619695957863,-118.444945378691
WA 99224,1,47.6211753,-117.5170107
Southern Oregon University,1,42.18664255,-122.696830549056
Kleinstuck Preserve,1,42.2681116,-85.6019566826606
York,1,53.9590555,-1.0815361
Duo Restaurant 2413 W 32nd Ave,1,39.7621277,-105.0162676
California 91390,1,34.50296508,-118.46338746
Glasgow Scotland,1,55.8611389,-4.2501672
lichtenstein,1,47.1416307,9.5531527
Cambridge,1,52.2034823,0.1235817
Riot Games,1,34.03132965,-118.456714762259
GA 31322,1,32.1073071680119,-81.2519988885323
TX 78617,1,30.1586749,-97.6214081
Manchester Fort Shopping Park: Cheetham Hill,1,53.4973953,-2.2352059
Shekhupura. Pakistan,1,31.7085285,73.9864014
Republic of Chad,1,15.6134137,19.0156172
Aligarh,1,27.8815412,78.0690216
Kingswood House,1,51.0338619,-0.876626293548207
Changunarayan Temple,1,27.6896695,85.4301852
Kundapura,1,13.6250993,74.6915722
TS Albatros,1,41.3283781,69.2853413
Rosarno,1,38.4872833,15.9764948
TS Hanseatic,1,53.0942489,8.7546013
Bangkok,1,13.7538929,100.8160803
Alabama,1,33.2588817,-86.8295337
and Spa,1,50.4920838,5.8626233
John Bryan State Park,1,39.79099415,-83.8564106087494
AB,1,55.001251,-115.002136
South Melbourne 3205 Victoria Australia,1,-37.8334603,144.9570188
Santo Domingo,1,18.4801972,-69.942111
Milano,1,45.4667971,9.1904984
County Armagh,1,54.30201135,-6.612426775
Los Angeles,1,34.0536834,-118.2427669
AZ,1,40.3936294,47.7872508
Yukon High School,1,35.4883868,-97.7282987717833
Sheraton Old San Juan,1,18.464166,-66.1122748617228
Soria,1,41.7633842,-2.4642041
5-7 08038 Barcelona,1,41.3828939,2.1774322
Republic of Kalmykia,1,46.2313018,45.3275745
Montverde Academy,1,28.59613775,-81.6740369224443
Costa Risa,1,51.3056544,13.3094984
Club Woolloomooloo Utrecht,1,52.0940009,5.12249441922257
Dublin City Council,1,53.3243258,-6.26354262716914
Road Construction Site,1,38.91143355,-77.4264173794323
Downtown Boise,1,43.6188435,-116.204807514835
Ventura Blvd,1,34.1686089,-118.6091922
The Orpheum Theater,1,42.4960688,-96.4046292
The Isles,2,26.6160614,-80.2311215126388
CA 90017,1,34.0510727905428,-118.263197076735
CA 91402,1,34.2309714145796,-118.45040558283
PA 17055,1,40.1931358,-76.9762252
Hokule'a,1,21.4530592,-158.0208982
Sheffield,1,53.3806626,-1.4702278
Little Man Ice Cream 2620 16th St,1,39.7594569,-105.011083
German Headquarters,1,8.4847961,-13.2688554230463
Ilocos Sur,1,17.2,120.5
Victoria BC,1,48.4283182,-123.3649533
City of Bristol,1,51.4430523,-2.58163886128582
Afrique du Nord,1,45.938247,-0.985476751082246
IL 60609,1,41.8249226,-87.6381346
Elland,1,53.6858377,-1.8377141
HMS Belfast,1,51.50651995,-0.0811196916752953
Edinburgh,1,55.953346,-3.1883739
Democratic Republic of Congo,1,-2.9814344,23.8222636
Havana,1,23.135305,-82.3589631
Derby,1,52.9212617,-1.4761491
Russian Federation,1,64.6863136,97.7453061
USS Saratoga,1,11.5813889,165.4983334
NC 27614,1,35.9368235462908,-78.6152372519864
Al.,1,33.2588817,-86.8295337
North West Greenland,1,51.5468051,7.2411423
The Phillipines,1,10.2447856,-61.4561398
